{"train_batch_triplet_loss": [5.765990734100342, 5.511167526245117, 5.589191436767578, 5.359152317047119, 5.763084888458252, 5.663034439086914, 5.49511194229126, 5.667348861694336, 5.691451072692871, 5.701446533203125, 5.421191215515137, 5.284468650817871, 5.9007978439331055, 5.523857116699219, 5.467348098754883, 5.775908470153809, 5.627218723297119, 5.774535179138184, 5.50057315826416, 5.559898376464844, 5.392627716064453, 5.428493499755859, 5.223850250244141, 5.421541213989258, 5.313841342926025, 5.527556419372559, 5.197275161743164, 5.39408016204834, 5.253112316131592, 5.272191524505615, 5.280198097229004, 5.275201797485352, 5.369387149810791, 5.325885772705078, 5.419771671295166, 5.237321376800537, 5.067539215087891, 5.167141437530518, 5.236699104309082, 5.1918625831604, 5.100442886352539, 5.118570327758789, 5.216775894165039, 5.176949501037598, 5.107001304626465, 5.168308734893799, 5.095034599304199, 5.0958333015441895, 5.1260666847229, 5.141360282897949, 5.17317008972168, 5.0416154861450195, 5.049224853515625, 5.084796905517578, 5.2145094871521, 5.188035011291504, 5.152790069580078, 5.053671360015869, 5.068005561828613, 5.190008163452148, 5.168970108032227, 5.107722759246826, 5.188785076141357, 5.070441246032715, 5.128908157348633, 5.059177398681641, 5.009395122528076, 5.057888507843018, 4.998613357543945, 4.954024314880371, 5.041421413421631, 5.0104079246521, 5.014341354370117, 4.971055507659912, 4.969283103942871, 4.9561333656311035, 4.986579895019531, 5.157017707824707, 4.883225440979004, 5.061917304992676, 4.936227798461914, 4.988348960876465, 5.02653694152832, 5.120057582855225, 4.991910934448242, 5.218293190002441, 4.925044059753418, 5.020626068115234, 4.980077743530273, 5.105146408081055, 5.067027568817139, 4.9633073806762695, 5.050459861755371, 5.107803821563721, 5.1568684577941895, 5.155699729919434, 5.069636344909668, 5.078197956085205, 5.165315628051758, 5.068122863769531, 4.922850608825684, 4.855557441711426, 5.1943840980529785, 4.95258903503418, 5.021022319793701, 4.877412796020508, 5.091144561767578, 4.840656280517578, 4.993505477905273, 5.013635158538818, 4.896227836608887, 4.846952438354492, 4.895756244659424, 4.867854118347168, 4.852690696716309, 4.711688041687012, 4.886173725128174, 4.870738506317139, 4.932469367980957, 4.920832633972168, 4.770909309387207, 4.78499174118042, 4.875478744506836, 4.848310470581055, 4.705734729766846, 4.764559745788574, 4.869237899780273, 4.7120361328125], "valid_epoch_accuracy_cosine": [0.2887700534759358, 0.6491978609625668, 0.6737967914438503], "valid_epoch_accuracy_euclidean": [0.2983957219251337, 0.6502673796791444, 0.6823529411764706], "valid_epoch_accuracy_manhattan": [0.293048128342246, 0.653475935828877, 0.6737967914438503], "test_final_accuracy_cosine": 0.6429341963322546, "test_final_accuracy_euclidean": 0.6461704422869471, "test_final_accuracy_manhattan": 0.6472491909385113}